{"count":1,"self":23.6131344,"total":103.5032389,"children":{"InitializeActuators":{"count":64,"self":0.0029911,"total":0.0029911,"children":null},"InitializeSensors":{"count":64,"self":0.0029969999999999997,"total":0.023939699999999998,"children":{"CreateObservableSensors":{"count":64,"self":0.020942699999999998,"total":0.020942699999999998,"children":null}}},"AgentSendState":{"count":15267,"self":0.82128119999999993,"total":4.6727241,"children":{"CollectObservations":{"count":195456,"self":0.6093957,"total":0.6093957,"children":null},"WriteActionMask":{"count":195456,"self":0.13869489999999998,"total":0.13869489999999998,"children":null},"RequestDecision":{"count":195456,"self":0.65342559999999994,"total":3.1033523,"children":{"AgentInfo.ToProto":{"count":195456,"self":0.60378239999999994,"total":2.4499267,"children":{"GenerateSensorData":{"count":195456,"self":1.8461444,"total":1.8461443,"children":null}}}}}}},"DecideAction":{"count":15267,"self":73.8174528,"total":73.817454599999991,"children":null},"AgentAct":{"count":15267,"self":1.3639758,"total":1.3639758,"children":null},"AgentInfo.ToProto":{"count":599,"self":0.0019936,"total":0.0090184999999999987,"children":{"GenerateSensorData":{"count":599,"self":0.0070249,"total":0.0070249,"children":null}}}},"gauges":{"Move To Taget.CumulativeReward":{"count":599,"max":800,"min":-106,"runningAverage":695.318848,"value":798,"weightedAverage":798.8689}},"metadata":{"timer_format_version":"0.1.0","start_time_seconds":"1689234023","unity_version":"2021.3.25f1","command_line_arguments":"C:\\Program Files\\Unity\\Hub\\Editor\\2021.3.25f1\\Editor\\Unity.exe -projectpath C:\\Users\\Nelson P\\Documents\\Mogade Fabien\\GameJam5Delivery -useHub -hubIPC -cloudEnvironment production -licensingIpc LicenseClient-Nelson P -hubSessionId 72b22ec6-a61d-4cd2-81f5-e9c4989f21b9 -accessToken hNiA1tiujmi-l59JR0UyMVs8z8JrMJZ6fR9JKo5cSj8008f","communication_protocol_version":"1.5.0","com.unity.ml-agents_version":"2.0.1","scene_name":"Fabien","end_time_seconds":"1689234127"}}