{"count":1,"self":46.6528928,"total":49.565532999999995,"children":{"InitializeActuators":{"count":60,"self":0.0015126999999999999,"total":0.0015126999999999999,"children":null},"InitializeSensors":{"count":60,"self":0.0014873999999999998,"total":0.0014873999999999998,"children":null},"AgentSendState":{"count":2176,"self":0.1941475,"total":0.39141709999999996,"children":{"CollectObservations":{"count":26160,"self":0.072418299999999991,"total":0.072418299999999991,"children":null},"WriteActionMask":{"count":26160,"self":0.045633099999999996,"total":0.045633099999999996,"children":null},"RequestDecision":{"count":26160,"self":0.0792182,"total":0.0792182,"children":null}}},"DecideAction":{"count":2176,"self":1.6775232999999998,"total":1.6775232999999998,"children":null},"AgentAct":{"count":2176,"self":0.8401792,"total":0.8401792,"children":null}},"gauges":{"PostalBehaviour.CumulativeReward":{"count":725,"max":98.50255,"min":20.1418667,"runningAverage":46.0614548,"value":48.5975037,"weightedAverage":48.6937065}},"metadata":{"timer_format_version":"0.1.0","start_time_seconds":"1689242871","unity_version":"2021.3.25f1","command_line_arguments":"D:\\Program Files\\Unity\\Unity Editors\\2021.3.25f1\\Editor\\Unity.exe -projectpath D:\\GitHub\\GameJam5Delivery -useHub -hubIPC -cloudEnvironment production","communication_protocol_version":"1.5.0","com.unity.ml-agents_version":"2.3.0-exp.3","scene_name":"FlavienPostalMapML","end_time_seconds":"1689242921"}}