{"count":1,"self":144.99714559999998,"total":1144.3552089,"children":{"InitializeActuators":{"count":80,"self":0.0029925999999999998,"total":0.0029925999999999998,"children":null},"InitializeSensors":{"count":80,"self":0.0019949,"total":0.0139628,"children":{"CreateObservableSensors":{"count":80,"self":0.0119679,"total":0.0119679,"children":null}}},"AgentSendState":{"count":127101,"self":8.527361599999999,"total":48.9230988,"children":{"CollectObservations":{"count":2033680,"self":5.5345496,"total":5.5345498,"children":null},"WriteActionMask":{"count":2033680,"self":1.876626,"total":1.876626,"children":null},"RequestDecision":{"count":2033680,"self":6.721088,"total":32.9845611,"children":{"AgentInfo.ToProto":{"count":2033680,"self":6.0821432,"total":26.2634729,"children":{"GenerateSensorData":{"count":2033680,"self":20.181329599999998,"total":20.181329599999998,"children":null}}}}}}},"DecideAction":{"count":127101,"self":891.99073279999993,"total":891.9907806,"children":null},"AgentAct":{"count":127101,"self":58.286336,"total":58.4073284,"children":{"AgentInfo.ToProto":{"count":5063,"self":0.035004099999999996,"total":0.12099359999999999,"children":{"GenerateSensorData":{"count":5063,"self":0.0859895,"total":0.0859895,"children":null}}}}},"CreateObservableSensors":{"count":34,"self":0.0069808,"total":0.0069808,"children":null},"AgentInfo.ToProto":{"count":309,"self":0.007948199999999999,"total":0.0119191,"children":{"GenerateSensorData":{"count":309,"self":0.0039708999999999994,"total":0.0039708999999999994,"children":null}}}},"gauges":{"PostalBehaviour.CumulativeReward":{"count":5372,"max":76.30468,"min":-127.780869,"runningAverage":-57.4626045,"value":-67.26258,"weightedAverage":-60.2055435}},"metadata":{"timer_format_version":"0.1.0","start_time_seconds":"1689241316","unity_version":"2021.3.25f1","command_line_arguments":"C:\\Program Files\\Unity\\Hub\\Editor\\2021.3.25f1\\Editor\\Unity.exe -projectpath C:\\Users\\Nelson P\\Documents\\Mogade Fabien\\GameJam5Delivery -useHub -hubIPC -cloudEnvironment production -licensingIpc LicenseClient-Nelson P -hubSessionId 72b22ec6-a61d-4cd2-81f5-e9c4989f21b9 -accessToken hNiA1tiujmi-l59JR0UyMVs8z8JrMJZ6fR9JKo5cSj8008f","communication_protocol_version":"1.5.0","com.unity.ml-agents_version":"2.0.1","scene_name":"FlavienPostalMapML","end_time_seconds":"1689242461"}}